AW, Ct, Cp
0.000000000000000000e+00,6.737784328838122283e-01,4.874697540562575870e-01
1.000000000000000056e-01,6.632013936587639602e-01,4.706727002595963438e-01
2.000000000000000111e-01,6.506856288935276567e-01,4.511074002730497412e-01
3.000000000000000444e-01,6.352363150595885521e-01,4.274458059737760163e-01
4.000000000000000222e-01,6.156138996332853885e-01,3.985165548416565451e-01
5.000000000000000000e-01,5.905189265968554535e-01,3.627553119331760056e-01
